problem_family,n_variables,n_constraints,seed,update_index,backend,canonical_sha256,setup_seconds,update_seconds,solve_seconds,result_extraction_seconds,correctness_seconds,amortized_end_to_end_seconds,raw_status,strict_optimal,correctness_pass,objective_value,reported_objective_value,objective_reconstruction_error,original_primal_violation,slurm_job_id,host,partition,execution_sha
QP-DIAGONAL,3000,1500,11,0,OSQP,31effa791352bc40a60e6a25eedc30a9319ed24ef65cad35f2b5072a40d7c008,0.17881304607726634,1.1185184121131897e-05,0.021556935971602798,2.6829075068235397e-06,0.0001271639484912157,0.02169796801172197,solved,True,True,-0.8789406510802649,-0.8789406510802608,4.107825191113079e-15,0.0,63094,b40x4-02,b40x4,f00c45ae3d571a1eabe9e66d6034b90683f83626
QP-DIAGONAL,3000,1500,11,1,OSQP,31effa791352bc40a60e6a25eedc30a9319ed24ef65cad35f2b5072a40d7c008,0.17881304607726634,1.0080868378281593e-05,0.021556582069024444,2.440996468067169e-06,9.19681042432785e-05,0.02166107203811407,solved,True,True,-0.8786811695740363,-0.878681169574036,3.3306690738754696e-16,0.0,63094,b40x4-02,b40x4,f00c45ae3d571a1eabe9e66d6034b90683f83626
QP-DIAGONAL,3000,1500,11,2,OSQP,31effa791352bc40a60e6a25eedc30a9319ed24ef65cad35f2b5072a40d7c008,0.17881304607726634,7.65104778110981e-06,0.02156564616598189,1.3220123946666718e-06,8.283788338303566e-05,0.0216574571095407,solved,True,True,-0.878185520492321,-0.878185520492323,1.9984014443252818e-15,0.0,63094,b40x4-02,b40x4,f00c45ae3d571a1eabe9e66d6034b90683f83626
QP-DIAGONAL,3000,1500,11,3,OSQP,31effa791352bc40a60e6a25eedc30a9319ed24ef65cad35f2b5072a40d7c008,0.17881304607726634,7.255934178829193e-06,0.021547005977481604,1.2852251529693604e-06,8.50120559334755e-05,0.021640559192746878,solved,True,True,-0.8783463505601067,-0.8783463505601061,5.551115123125783e-16,0.0,63094,b40x4-02,b40x4,f00c45ae3d571a1eabe9e66d6034b90683f83626
QP-DIAGONAL,3000,1500,11,4,OSQP,31effa791352bc40a60e6a25eedc30a9319ed24ef65cad35f2b5072a40d7c008,0.17881304607726634,7.375143468379974e-06,0.021521846065297723,1.6798730939626694e-06,7.971818558871746e-05,0.021610619267448783,solved,True,True,-0.8783694787961495,-0.8783694787961549,5.440092820663267e-15,0.0,63094,b40x4-02,b40x4,f00c45ae3d571a1eabe9e66d6034b90683f83626
QP-DIAGONAL,3000,1500,11,5,OSQP,31effa791352bc40a60e6a25eedc30a9319ed24ef65cad35f2b5072a40d7c008,0.17881304607726634,6.953952834010124e-06,0.02153512998484075,1.4051329344511032e-06,7.858988828957081e-05,0.021622078958898783,solved,True,True,-0.8787546792918196,-0.8787546792918245,4.884981308350689e-15,0.0,63094,b40x4-02,b40x4,f00c45ae3d571a1eabe9e66d6034b90683f83626
QP-DIAGONAL,3000,1500,11,6,OSQP,31effa791352bc40a60e6a25eedc30a9319ed24ef65cad35f2b5072a40d7c008,0.17881304607726634,6.702030077576637e-06,0.021560006076470017,1.232139766216278e-06,7.879897020757198e-05,0.021646739216521382,solved,True,True,-0.8786642756964401,-0.8786642756964457,5.551115123125783e-15,0.0,63094,b40x4-02,b40x4,f00c45ae3d571a1eabe9e66d6034b90683f83626
QP-DIAGONAL,3000,1500,11,7,OSQP,31effa791352bc40a60e6a25eedc30a9319ed24ef65cad35f2b5072a40d7c008,0.17881304607726634,6.61495141685009e-06,0.021507852943614125,1.4419201761484146e-06,7.846998050808907e-05,0.021594379795715213,solved,True,True,-0.8786012320101979,-0.878601232010197,8.881784197001252e-16,0.0,63094,b40x4-02,b40x4,f00c45ae3d571a1eabe9e66d6034b90683f83626
QP-DIAGONAL,3000,1500,11,8,OSQP,31effa791352bc40a60e6a25eedc30a9319ed24ef65cad35f2b5072a40d7c008,0.17881304607726634,6.620073691010475e-06,0.02152470196597278,1.3099052011966705e-06,7.640989497303963e-05,0.021609041839838028,solved,True,True,-0.8790391300154888,-0.8790391300154906,1.7763568394002505e-15,0.0,63094,b40x4-02,b40x4,f00c45ae3d571a1eabe9e66d6034b90683f83626
QP-DIAGONAL,3000,1500,11,9,OSQP,31effa791352bc40a60e6a25eedc30a9319ed24ef65cad35f2b5072a40d7c008,0.17881304607726634,6.47897832095623e-06,0.021542369155213237,1.4710240066051483e-06,7.945182733237743e-05,0.021629770984873176,solved,True,True,-0.8789395968408581,-0.8789395968408575,5.551115123125783e-16,0.0,63094,b40x4-02,b40x4,f00c45ae3d571a1eabe9e66d6034b90683f83626
QP-DIAGONAL,3000,1500,11,10,OSQP,31effa791352bc40a60e6a25eedc30a9319ed24ef65cad35f2b5072a40d7c008,0.17881304607726634,6.556045264005661e-06,0.02154898177832365,1.2849923223257065e-06,7.665320299565792e-05,0.02163347601890564,solved,True,True,-0.8792079257039862,-0.8792079257039903,4.107825191113079e-15,0.0,63094,b40x4-02,b40x4,f00c45ae3d571a1eabe9e66d6034b90683f83626
QP-DIAGONAL,3000,1500,11,11,OSQP,31effa791352bc40a60e6a25eedc30a9319ed24ef65cad35f2b5072a40d7c008,0.17881304607726634,6.604939699172974e-06,0.02365969098173082,1.2645963579416275e-05,0.00028187292627990246,0.02396081481128931,solved,True,True,-0.8780084213865462,-0.878008421386542,4.218847493575595e-15,0.0,63094,b40x4-02,b40x4,f00c45ae3d571a1eabe9e66d6034b90683f83626
QP-DIAGONAL,3000,1500,11,12,OSQP,31effa791352bc40a60e6a25eedc30a9319ed24ef65cad35f2b5072a40d7c008,0.17881304607726634,1.680804416537285e-05,0.021565719973295927,1.5459954738616943e-06,8.121505379676819e-05,0.02166528906673193,solved,True,True,-0.8785694600331211,-0.8785694600331193,1.7763568394002505e-15,0.0,63094,b40x4-02,b40x4,f00c45ae3d571a1eabe9e66d6034b90683f83626
QP-DIAGONAL,3000,1500,11,13,OSQP,31effa791352bc40a60e6a25eedc30a9319ed24ef65cad35f2b5072a40d7c008,0.17881304607726634,1.0665040463209152e-05,0.021498843794688582,1.5131663531064987e-06,8.48949421197176e-05,0.021595916943624616,solved,True,True,-0.8788364999372245,-0.8788364999372235,9.992007221626409e-16,0.0,63094,b40x4-02,b40x4,f00c45ae3d571a1eabe9e66d6034b90683f83626
QP-DIAGONAL,3000,1500,11,14,OSQP,31effa791352bc40a60e6a25eedc30a9319ed24ef65cad35f2b5072a40d7c008,0.17881304607726634,1.0982155799865723e-05,0.021551253041252494,1.2868549674749374e-06,8.453917689621449e-05,0.02164806122891605,solved,True,True,-0.8786763311420878,-0.8786763311420841,3.6637359812630166e-15,0.0,63094,b40x4-02,b40x4,f00c45ae3d571a1eabe9e66d6034b90683f83626
QP-DIAGONAL,3000,1500,11,15,OSQP,31effa791352bc40a60e6a25eedc30a9319ed24ef65cad35f2b5072a40d7c008,0.17881304607726634,1.0432908311486244e-05,0.02152717486023903,1.5581026673316956e-06,8.28669872134924e-05,0.02162203285843134,solved,True,True,-0.8788487756219042,-0.8788487756219012,2.9976021664879227e-15,0.0,63094,b40x4-02,b40x4,f00c45ae3d571a1eabe9e66d6034b90683f83626
QP-DIAGONAL,3000,1500,11,16,OSQP,31effa791352bc40a60e6a25eedc30a9319ed24ef65cad35f2b5072a40d7c008,0.17881304607726634,1.0189833119511604e-05,0.02151456498540938,1.335982233285904e-06,8.665886707603931e-05,0.021612749667838216,solved,True,True,-0.8776757612359637,-0.8776757612359644,6.661338147750939e-16,0.0,63094,b40x4-02,b40x4,f00c45ae3d571a1eabe9e66d6034b90683f83626
QP-DIAGONAL,3000,1500,11,17,OSQP,31effa791352bc40a60e6a25eedc30a9319ed24ef65cad35f2b5072a40d7c008,0.17881304607726634,1.0750023648142815e-05,0.02151905302889645,1.3490207493305206e-06,7.916195318102837e-05,0.021610314026474953,solved,True,True,-0.8788814956140539,-0.8788814956140515,2.4424906541753444e-15,0.0,63094,b40x4-02,b40x4,f00c45ae3d571a1eabe9e66d6034b90683f83626
QP-DIAGONAL,3000,1500,11,18,OSQP,31effa791352bc40a60e6a25eedc30a9319ed24ef65cad35f2b5072a40d7c008,0.17881304607726634,1.1972850188612938e-05,0.02154935197904706,1.5080440789461136e-06,8.520903065800667e-05,0.021648041903972626,solved,True,True,-0.8793866390467477,-0.8793866390467532,5.440092820663267e-15,0.0,63094,b40x4-02,b40x4,f00c45ae3d571a1eabe9e66d6034b90683f83626
QP-DIAGONAL,3000,1500,11,19,OSQP,31effa791352bc40a60e6a25eedc30a9319ed24ef65cad35f2b5072a40d7c008,0.17881304607726634,1.1961208656430244e-05,0.02156940195709467,1.4030374586582184e-06,8.337199687957764e-05,0.021666138200089335,solved,True,True,-0.8782322729713538,-0.8782322729713481,5.662137425588298e-15,0.0,63094,b40x4-02,b40x4,f00c45ae3d571a1eabe9e66d6034b90683f83626
QP-DIAGONAL,3000,1500,11,0,cuOpt,31effa791352bc40a60e6a25eedc30a9319ed24ef65cad35f2b5072a40d7c008,0.8153681110125035,0.0016239478718489408,1.5717909592203796,0.001245992025360465,0.00022952421568334103,1.5748904233332723,Optimal,True,True,-0.8789406510802458,-0.8789406510802436,2.220446049250313e-15,0.0,63094,b40x4-02,b40x4,f00c45ae3d571a1eabe9e66d6034b90683f83626
QP-DIAGONAL,3000,1500,11,1,cuOpt,31effa791352bc40a60e6a25eedc30a9319ed24ef65cad35f2b5072a40d7c008,0.8153681110125035,0.001713076140731573,1.5310817591380328,0.0012260531075298786,0.0001263599842786789,1.534147248370573,Optimal,True,True,-0.8786811695740169,-0.8786811695740168,1.1102230246251565e-16,0.0,63094,b40x4-02,b40x4,f00c45ae3d571a1eabe9e66d6034b90683f83626
QP-DIAGONAL,3000,1500,11,2,cuOpt,31effa791352bc40a60e6a25eedc30a9319ed24ef65cad35f2b5072a40d7c008,0.8153681110125035,0.0015464969910681248,1.5771596720442176,0.0012262179516255856,0.0001158879604190588,1.5800482749473304,Optimal,True,True,-0.8781855204923011,-0.878185520492296,5.10702591327572e-15,0.0,63094,b40x4-02,b40x4,f00c45ae3d571a1eabe9e66d6034b90683f83626
QP-DIAGONAL,3000,1500,11,3,cuOpt,31effa791352bc40a60e6a25eedc30a9319ed24ef65cad35f2b5072a40d7c008,0.8153681110125035,0.0014785549137741327,1.5795100489631295,0.0013648760505020618,0.000173869077116251,1.582527349004522,Optimal,True,True,-0.8783463505600873,-0.8783463505600814,5.88418203051333e-15,0.0,63094,b40x4-02,b40x4,f00c45ae3d571a1eabe9e66d6034b90683f83626
QP-DIAGONAL,3000,1500,11,4,cuOpt,31effa791352bc40a60e6a25eedc30a9319ed24ef65cad35f2b5072a40d7c008,0.8153681110125035,0.0015669430140405893,1.5145874009467661,0.0011664091143757105,0.0001106171403080225,1.5174313702154905,Optimal,True,True,-0.8783694787961297,-0.8783694787961327,2.9976021664879227e-15,0.0,63094,b40x4-02,b40x4,f00c45ae3d571a1eabe9e66d6034b90683f83626
QP-DIAGONAL,3000,1500,11,5,cuOpt,31effa791352bc40a60e6a25eedc30a9319ed24ef65cad35f2b5072a40d7c008,0.8153681110125035,0.0014855749905109406,1.5175507301464677,0.0011932929046452045,0.00011222693137824535,1.520341824973002,Optimal,True,True,-0.8787546792917996,-0.8787546792917991,5.551115123125783e-16,0.0,63094,b40x4-02,b40x4,f00c45ae3d571a1eabe9e66d6034b90683f83626
QP-DIAGONAL,3000,1500,11,6,cuOpt,31effa791352bc40a60e6a25eedc30a9319ed24ef65cad35f2b5072a40d7c008,0.8153681110125035,0.001477058045566082,1.5197150099556893,0.0012438599951565266,0.00011488585732877254,1.5225508138537407,Optimal,True,True,-0.8786642756964206,-0.878664275696419,1.5543122344752192e-15,0.0,63094,b40x4-02,b40x4,f00c45ae3d571a1eabe9e66d6034b90683f83626
QP-DIAGONAL,3000,1500,11,7,cuOpt,31effa791352bc40a60e6a25eedc30a9319ed24ef65cad35f2b5072a40d7c008,0.8153681110125035,0.001602641073986888,1.575838970951736,0.0012039339635521173,0.00010796496644616127,1.5787535109557211,Optimal,True,True,-0.8786012320101783,-0.8786012320101731,5.10702591327572e-15,0.0,63094,b40x4-02,b40x4,f00c45ae3d571a1eabe9e66d6034b90683f83626
QP-DIAGONAL,3000,1500,11,8,cuOpt,31effa791352bc40a60e6a25eedc30a9319ed24ef65cad35f2b5072a40d7c008,0.8153681110125035,0.0015095220878720284,1.5828994740732014,0.0012061018496751785,0.00010716496035456657,1.5857222629711032,Optimal,True,True,-0.8790391300154692,-0.8790391300154652,3.9968028886505635e-15,0.0,63094,b40x4-02,b40x4,f00c45ae3d571a1eabe9e66d6034b90683f83626
QP-DIAGONAL,3000,1500,11,9,cuOpt,31effa791352bc40a60e6a25eedc30a9319ed24ef65cad35f2b5072a40d7c008,0.8153681110125035,0.0015301499515771866,1.578536830144003,0.0013879190664738417,0.00015258998610079288,1.5816074891481549,Optimal,True,True,-0.8789395968408386,-0.8789395968408309,7.66053886991358e-15,0.0,63094,b40x4-02,b40x4,f00c45ae3d571a1eabe9e66d6034b90683f83626
QP-DIAGONAL,3000,1500,11,10,cuOpt,31effa791352bc40a60e6a25eedc30a9319ed24ef65cad35f2b5072a40d7c008,0.8153681110125035,0.0016111067961901426,1.5165771748870611,0.0012352010235190392,0.0001292298547923565,1.5195527125615627,Optimal,True,True,-0.8792079257039667,-0.8792079257039663,3.3306690738754696e-16,0.0,63094,b40x4-02,b40x4,f00c45ae3d571a1eabe9e66d6034b90683f83626
QP-DIAGONAL,3000,1500,11,11,cuOpt,31effa791352bc40a60e6a25eedc30a9319ed24ef65cad35f2b5072a40d7c008,0.8153681110125035,0.0016464239452034235,1.5228502170648426,0.0013989948201924562,0.00017191702499985695,1.5260675528552383,Optimal,True,True,-0.8780084213865266,-0.8780084213865268,2.220446049250313e-16,0.0,63094,b40x4-02,b40x4,f00c45ae3d571a1eabe9e66d6034b90683f83626
QP-DIAGONAL,3000,1500,11,12,cuOpt,31effa791352bc40a60e6a25eedc30a9319ed24ef65cad35f2b5072a40d7c008,0.8153681110125035,0.0017518408130854368,1.5294419459532946,0.0011697278823703527,0.00011200690641999245,1.5324755215551704,Optimal,True,True,-0.878569460033101,-0.8785694600331072,6.217248937900877e-15,0.0,63094,b40x4-02,b40x4,f00c45ae3d571a1eabe9e66d6034b90683f83626
QP-DIAGONAL,3000,1500,11,13,cuOpt,31effa791352bc40a60e6a25eedc30a9319ed24ef65cad35f2b5072a40d7c008,0.8153681110125035,0.0015429139602929354,1.5822501489892602,0.001351814018562436,0.00017099990509450436,1.58531587687321,Optimal,True,True,-0.878836499937205,-0.8788364999371976,7.438494264988549e-15,0.0,63094,b40x4-02,b40x4,f00c45ae3d571a1eabe9e66d6034b90683f83626
QP-DIAGONAL,3000,1500,11,14,cuOpt,31effa791352bc40a60e6a25eedc30a9319ed24ef65cad35f2b5072a40d7c008,0.8153681110125035,0.0017471408937126398,1.557552558137104,0.0011989949271082878,0.00011126790195703506,1.5606099618598819,Optimal,True,True,-0.8786763311420677,-0.8786763311420627,4.9960036108132044e-15,0.0,63094,b40x4-02,b40x4,f00c45ae3d571a1eabe9e66d6034b90683f83626
QP-DIAGONAL,3000,1500,11,15,cuOpt,31effa791352bc40a60e6a25eedc30a9319ed24ef65cad35f2b5072a40d7c008,0.8153681110125035,0.0016783580649644136,1.5257191450800747,0.0013722109142690897,0.00017621507868170738,1.5289459291379899,Optimal,True,True,-0.8788487756218845,-0.8788487756218848,3.3306690738754696e-16,0.0,63094,b40x4-02,b40x4,f00c45ae3d571a1eabe9e66d6034b90683f83626
QP-DIAGONAL,3000,1500,11,16,cuOpt,31effa791352bc40a60e6a25eedc30a9319ed24ef65cad35f2b5072a40d7c008,0.8153681110125035,0.0016998830251395702,1.5351530718617141,0.0013482910580933094,0.0001753740943968296,1.5383766200393438,Optimal,True,True,-0.877675761235944,-0.8776757612359432,8.881784197001252e-16,0.0,63094,b40x4-02,b40x4,f00c45ae3d571a1eabe9e66d6034b90683f83626
QP-DIAGONAL,3000,1500,11,17,cuOpt,31effa791352bc40a60e6a25eedc30a9319ed24ef65cad35f2b5072a40d7c008,0.8153681110125035,0.0016771960072219372,1.5617717779241502,0.0012272130697965622,0.00011606793850660324,1.5647922549396753,Optimal,True,True,-0.8788814956140342,-0.8788814956140375,3.3306690738754696e-15,0.0,63094,b40x4-02,b40x4,f00c45ae3d571a1eabe9e66d6034b90683f83626
QP-DIAGONAL,3000,1500,11,18,cuOpt,31effa791352bc40a60e6a25eedc30a9319ed24ef65cad35f2b5072a40d7c008,0.8153681110125035,0.0016475829761475325,1.5654775539878756,0.0013496458996087313,0.00017193984240293503,1.5686467227060348,Optimal,True,True,-0.8793866390467285,-0.8793866390467332,4.6629367034256575e-15,0.0,63094,b40x4-02,b40x4,f00c45ae3d571a1eabe9e66d6034b90683f83626
QP-DIAGONAL,3000,1500,11,19,cuOpt,31effa791352bc40a60e6a25eedc30a9319ed24ef65cad35f2b5072a40d7c008,0.8153681110125035,0.0017147399485111237,1.5231284508481622,0.001147321192547679,0.00010641408152878284,1.5260969260707498,Optimal,True,True,-0.8782322729713341,-0.8782322729713344,3.3306690738754696e-16,0.0,63094,b40x4-02,b40x4,f00c45ae3d571a1eabe9e66d6034b90683f83626
QP-DIAGONAL,3000,1500,29,0,OSQP,0bed01a713bc5fd1d85553c6c34c82178570394d7ed8a3f1652427a2f73c5e7d,0.20300247706472874,1.9768020138144493e-05,0.023375437129288912,6.20400533080101e-06,0.0001677810214459896,0.023569190176203847,solved,True,True,-0.8764267656406587,-0.8764267656406581,5.551115123125783e-16,0.0,63094,b40x4-02,b40x4,f00c45ae3d571a1eabe9e66d6034b90683f83626
QP-DIAGONAL,3000,1500,29,1,OSQP,0bed01a713bc5fd1d85553c6c34c82178570394d7ed8a3f1652427a2f73c5e7d,0.20300247706472874,1.0770978406071663e-05,0.02323514106683433,2.007000148296356e-06,0.00010766484774649143,0.02335558389313519,solved,True,True,-0.8758102584733987,-0.8758102584733939,4.773959005888173e-15,0.0,63094,b40x4-02,b40x4,f00c45ae3d571a1eabe9e66d6034b90683f83626
QP-DIAGONAL,3000,1500,29,2,OSQP,0bed01a713bc5fd1d85553c6c34c82178570394d7ed8a3f1652427a2f73c5e7d,0.20300247706472874,1.0920921340584755e-05,0.02332562510855496,2.020038664340973e-06,9.38749872148037e-05,0.02343244105577469,solved,True,True,-0.8759854002492429,-0.8759854002492465,3.6637359812630166e-15,0.0,63094,b40x4-02,b40x4,f00c45ae3d571a1eabe9e66d6034b90683f83626
QP-DIAGONAL,3000,1500,29,3,OSQP,0bed01a713bc5fd1d85553c6c34c82178570394d7ed8a3f1652427a2f73c5e7d,0.20300247706472874,9.274110198020935e-06,0.02323715901002288,1.676846295595169e-06,8.917087689042091e-05,0.023337280843406916,solved,True,True,-0.876008092284448,-0.8760080922844475,4.440892098500626e-16,0.0,63094,b40x4-02,b40x4,f00c45ae3d571a1eabe9e66d6034b90683f83626
QP-DIAGONAL,3000,1500,29,4,OSQP,0bed01a713bc5fd1d85553c6c34c82178570394d7ed8a3f1652427a2f73c5e7d,0.20300247706472874,1.0652933269739151e-05,0.023202334996312857,1.5869736671447754e-06,8.644605986773968e-05,0.02330102096311748,solved,True,True,-0.8764114412469494,-0.8764114412469481,1.2212453270876722e-15,0.0,63094,b40x4-02,b40x4,f00c45ae3d571a1eabe9e66d6034b90683f83626
QP-DIAGONAL,3000,1500,29,5,OSQP,0bed01a713bc5fd1d85553c6c34c82178570394d7ed8a3f1652427a2f73c5e7d,0.20300247706472874,7.311813533306122e-06,0.023197265109047294,1.5068799257278442e-06,8.546514436602592e-05,0.023291548946872354,solved,True,True,-0.8763762843336667,-0.8763762843336683,1.6653345369377348e-15,0.0,63094,b40x4-02,b40x4,f00c45ae3d571a1eabe9e66d6034b90683f83626
QP-DIAGONAL,3000,1500,29,6,OSQP,0bed01a713bc5fd1d85553c6c34c82178570394d7ed8a3f1652427a2f73c5e7d,0.20300247706472874,1.1969124898314476e-05,0.023226554039865732,2.138083800673485e-06,8.611707016825676e-05,0.023326778318732977,solved,True,True,-0.8758642986651075,-0.8758642986651067,7.771561172376096e-16,0.0,63094,b40x4-02,b40x4,f00c45ae3d571a1eabe9e66d6034b90683f83626
QP-DIAGONAL,3000,1500,29,7,OSQP,0bed01a713bc5fd1d85553c6c34c82178570394d7ed8a3f1652427a2f73c5e7d,0.20300247706472874,7.738126441836357e-06,0.023159976117312908,1.4188699424266815e-06,8.317199535667896e-05,0.02325230510905385,solved,True,True,-0.8759706172816073,-0.8759706172816037,3.552713678800501e-15,0.0,63094,b40x4-02,b40x4,f00c45ae3d571a1eabe9e66d6034b90683f83626
QP-DIAGONAL,3000,1500,29,8,OSQP,0bed01a713bc5fd1d85553c6c34c82178570394d7ed8a3f1652427a2f73c5e7d,0.20300247706472874,7.739057764410973e-06,0.023135808063670993,1.4121178537607193e-06,8.207093924283981e-05,0.023227030178532004,solved,True,True,-0.8759642733702733,-0.8759642733702708,2.4424906541753444e-15,0.0,63094,b40x4-02,b40x4,f00c45ae3d571a1eabe9e66d6034b90683f83626
QP-DIAGONAL,3000,1500,29,9,OSQP,0bed01a713bc5fd1d85553c6c34c82178570394d7ed8a3f1652427a2f73c5e7d,0.20300247706472874,1.0778894647955894e-05,0.023161649936810136,1.4659017324447632e-06,8.685793727636337e-05,0.0232607526704669,solved,True,True,-0.876810658045136,-0.8768106580451359,1.1102230246251565e-16,0.0,63094,b40x4-02,b40x4,f00c45ae3d571a1eabe9e66d6034b90683f83626
QP-DIAGONAL,3000,1500,29,10,OSQP,0bed01a713bc5fd1d85553c6c34c82178570394d7ed8a3f1652427a2f73c5e7d,0.20300247706472874,9.251991286873817e-06,0.023157241055741906,1.4200340956449509e-06,8.721509948372841e-05,0.023255128180608153,solved,True,True,-0.8758140028507877,-0.8758140028507838,3.885780586188048e-15,0.0,63094,b40x4-02,b40x4,f00c45ae3d571a1eabe9e66d6034b90683f83626
QP-DIAGONAL,3000,1500,29,11,OSQP,0bed01a713bc5fd1d85553c6c34c82178570394d7ed8a3f1652427a2f73c5e7d,0.20300247706472874,7.4158888310194016e-06,0.023344729095697403,7.534865289926529e-06,0.00017330888658761978,0.02353298873640597,solved,True,True,-0.8765305273097774,-0.8765305273097793,1.887379141862766e-15,0.0,63094,b40x4-02,b40x4,f00c45ae3d571a1eabe9e66d6034b90683f83626
QP-DIAGONAL,3000,1500,29,12,OSQP,0bed01a713bc5fd1d85553c6c34c82178570394d7ed8a3f1652427a2f73c5e7d,0.20300247706472874,8.425209671258926e-06,0.023156793089583516,1.5138648450374603e-06,8.429912850260735e-05,0.02325103129260242,solved,True,True,-0.8759969364183765,-0.8759969364183734,3.1086244689504383e-15,0.0,63094,b40x4-02,b40x4,f00c45ae3d571a1eabe9e66d6034b90683f83626
QP-DIAGONAL,3000,1500,29,13,OSQP,0bed01a713bc5fd1d85553c6c34c82178570394d7ed8a3f1652427a2f73c5e7d,0.20300247706472874,9.774928912520409e-06,0.023138220189139247,1.3909302651882172e-06,8.90679657459259e-05,0.02323845401406288,solved,True,True,-0.8757213664022887,-0.8757213664022836,5.10702591327572e-15,0.0,63094,b40x4-02,b40x4,f00c45ae3d571a1eabe9e66d6034b90683f83626
QP-DIAGONAL,3000,1500,29,14,OSQP,0bed01a713bc5fd1d85553c6c34c82178570394d7ed8a3f1652427a2f73c5e7d,0.20300247706472874,9.48202796280384e-06,0.023153399117290974,1.4510005712509155e-06,8.442788384854794e-05,0.023248760029673576,solved,True,True,-0.8756219381655314,-0.8756219381655317,3.3306690738754696e-16,0.0,63094,b40x4-02,b40x4,f00c45ae3d571a1eabe9e66d6034b90683f83626
QP-DIAGONAL,3000,1500,29,15,OSQP,0bed01a713bc5fd1d85553c6c34c82178570394d7ed8a3f1652427a2f73c5e7d,0.20300247706472874,1.0558869689702988e-05,0.02322134398855269,1.8279533833265305e-06,8.622300811111927e-05,0.02331995381973684,solved,True,True,-0.8760052765362298,-0.8760052765362293,5.551115123125783e-16,0.0,63094,b40x4-02,b40x4,f00c45ae3d571a1eabe9e66d6034b90683f83626
QP-DIAGONAL,3000,1500,29,16,OSQP,0bed01a713bc5fd1d85553c6c34c82178570394d7ed8a3f1652427a2f73c5e7d,0.20300247706472874,7.419148460030556e-06,0.023161054821684957,1.4868564903736115e-06,8.141295984387398e-05,0.023251373786479235,solved,True,True,-0.875891190717605,-0.8758911907176069,1.887379141862766e-15,0.0,63094,b40x4-02,b40x4,f00c45ae3d571a1eabe9e66d6034b90683f83626
QP-DIAGONAL,3000,1500,29,17,OSQP,0bed01a713bc5fd1d85553c6c34c82178570394d7ed8a3f1652427a2f73c5e7d,0.20300247706472874,7.418915629386902e-06,0.02314322697930038,1.3371463865041733e-06,8.687400259077549e-05,0.023238857043907046,solved,True,True,-0.8759893697312169,-0.8759893697312148,2.1094237467877974e-15,0.0,63094,b40x4-02,b40x4,f00c45ae3d571a1eabe9e66d6034b90683f83626
QP-DIAGONAL,3000,1500,29,18,OSQP,0bed01a713bc5fd1d85553c6c34c82178570394d7ed8a3f1652427a2f73c5e7d,0.20300247706472874,7.742084562778473e-06,0.023111521964892745,1.4028046280145645e-06,8.321716450154781e-05,0.023203884018585086,solved,True,True,-0.876730081101684,-0.8767300811016914,7.327471962526033e-15,0.0,63094,b40x4-02,b40x4,f00c45ae3d571a1eabe9e66d6034b90683f83626
QP-DIAGONAL,3000,1500,29,19,OSQP,0bed01a713bc5fd1d85553c6c34c82178570394d7ed8a3f1652427a2f73c5e7d,0.20300247706472874,7.366994395852089e-06,0.023157727904617786,1.2209638953208923e-06,8.521112613379955e-05,0.02325152698904276,solved,True,True,-0.875883692870787,-0.8758836928707843,2.7755575615628914e-15,0.0,63094,b40x4-02,b40x4,f00c45ae3d571a1eabe9e66d6034b90683f83626
QP-DIAGONAL,3000,1500,29,0,cuOpt,0bed01a713bc5fd1d85553c6c34c82178570394d7ed8a3f1652427a2f73c5e7d,0.07178143202327192,0.0017888271249830723,1.6233063589315861,0.0012168660759925842,0.00017313892021775246,1.6264851910527796,Optimal,True,True,-0.876426765640628,-0.8764267656406345,6.439293542825908e-15,0.0,63094,b40x4-02,b40x4,f00c45ae3d571a1eabe9e66d6034b90683f83626
QP-DIAGONAL,3000,1500,29,1,cuOpt,0bed01a713bc5fd1d85553c6c34c82178570394d7ed8a3f1652427a2f73c5e7d,0.07178143202327192,0.0016473100986331701,1.6050327569246292,0.0011905180290341377,0.00012636790052056313,1.607996952952817,Optimal,True,True,-0.8758102584733675,-0.8758102584733647,2.7755575615628914e-15,0.0,63094,b40x4-02,b40x4,f00c45ae3d571a1eabe9e66d6034b90683f83626
QP-DIAGONAL,3000,1500,29,2,cuOpt,0bed01a713bc5fd1d85553c6c34c82178570394d7ed8a3f1652427a2f73c5e7d,0.07178143202327192,0.0015759582165628672,1.6305290521122515,0.0013443599455058575,0.0002146551851183176,1.6336640254594386,Optimal,True,True,-0.8759854002492115,-0.875985400249219,7.549516567451064e-15,0.0,63094,b40x4-02,b40x4,f00c45ae3d571a1eabe9e66d6034b90683f83626
QP-DIAGONAL,3000,1500,29,3,cuOpt,0bed01a713bc5fd1d85553c6c34c82178570394d7ed8a3f1652427a2f73c5e7d,0.07178143202327192,0.0016626878641545773,1.6650327229872346,0.0012822020798921585,0.0001387700904160738,1.6681163830216974,Optimal,True,True,-0.8760080922844169,-0.8760080922844211,4.218847493575595e-15,0.0,63094,b40x4-02,b40x4,f00c45ae3d571a1eabe9e66d6034b90683f83626
QP-DIAGONAL,3000,1500,29,4,cuOpt,0bed01a713bc5fd1d85553c6c34c82178570394d7ed8a3f1652427a2f73c5e7d,0.07178143202327192,0.001697289990261197,1.7181019349955022,0.0011762899812310934,0.0001184029970318079,1.7210939179640263,Optimal,True,True,-0.8764114412469186,-0.8764114412469151,3.552713678800501e-15,0.0,63094,b40x4-02,b40x4,f00c45ae3d571a1eabe9e66d6034b90683f83626
QP-DIAGONAL,3000,1500,29,5,cuOpt,0bed01a713bc5fd1d85553c6c34c82178570394d7ed8a3f1652427a2f73c5e7d,0.07178143202327192,0.0015645769890397787,1.6097947799135,0.001350579084828496,0.0001777599100023508,1.6128876958973706,Optimal,True,True,-0.8763762843336359,-0.8763762843336415,5.551115123125783e-15,0.0,63094,b40x4-02,b40x4,f00c45ae3d571a1eabe9e66d6034b90683f83626
QP-DIAGONAL,3000,1500,29,6,cuOpt,0bed01a713bc5fd1d85553c6c34c82178570394d7ed8a3f1652427a2f73c5e7d,0.07178143202327192,0.0016548819839954376,1.6042097548488528,0.0011679679155349731,0.00015238113701343536,1.6071849858853966,Optimal,True,True,-0.8758642986650765,-0.8758642986650808,4.218847493575595e-15,0.0,63094,b40x4-02,b40x4,f00c45ae3d571a1eabe9e66d6034b90683f83626
QP-DIAGONAL,3000,1500,29,7,cuOpt,0bed01a713bc5fd1d85553c6c34c82178570394d7ed8a3f1652427a2f73c5e7d,0.07178143202327192,0.001631824066862464,1.6648019480053335,0.0011848232243210077,0.00010806997306644917,1.6677266652695835,Optimal,True,True,-0.8759706172815761,-0.8759706172815782,2.1094237467877974e-15,0.0,63094,b40x4-02,b40x4,f00c45ae3d571a1eabe9e66d6034b90683f83626
QP-DIAGONAL,3000,1500,29,8,cuOpt,0bed01a713bc5fd1d85553c6c34c82178570394d7ed8a3f1652427a2f73c5e7d,0.07178143202327192,0.0014976090751588345,1.6577466540038586,0.001191101036965847,0.00010962598025798798,1.6605449900962412,Optimal,True,True,-0.8759642733702422,-0.8759642733702389,3.3306690738754696e-15,0.0,63094,b40x4-02,b40x4,f00c45ae3d571a1eabe9e66d6034b90683f83626
QP-DIAGONAL,3000,1500,29,9,cuOpt,0bed01a713bc5fd1d85553c6c34c82178570394d7ed8a3f1652427a2f73c5e7d,0.07178143202327192,0.0015422110445797443,1.6097101129125804,0.0013436861336231232,0.0001729999203234911,1.6127690100111067,Optimal,True,True,-0.8768106580451055,-0.876810658045104,1.4432899320127035e-15,0.0,63094,b40x4-02,b40x4,f00c45ae3d571a1eabe9e66d6034b90683f83626
QP-DIAGONAL,3000,1500,29,10,cuOpt,0bed01a713bc5fd1d85553c6c34c82178570394d7ed8a3f1652427a2f73c5e7d,0.07178143202327192,0.001577524933964014,1.6660304290708154,0.001157629070803523,0.00015925103798508644,1.668924834113568,Optimal,True,True,-0.875814002850757,-0.8758140028507508,6.106226635438361e-15,0.0,63094,b40x4-02,b40x4,f00c45ae3d571a1eabe9e66d6034b90683f83626
QP-DIAGONAL,3000,1500,29,11,cuOpt,0bed01a713bc5fd1d85553c6c34c82178570394d7ed8a3f1652427a2f73c5e7d,0.07178143202327192,0.0015455191023647785,1.6028305948711932,0.0011819039937108755,0.00010241800919175148,1.6056604359764606,Optimal,True,True,-0.8765305273097473,-0.8765305273097466,7.771561172376096e-16,0.0,63094,b40x4-02,b40x4,f00c45ae3d571a1eabe9e66d6034b90683f83626
QP-DIAGONAL,3000,1500,29,12,cuOpt,0bed01a713bc5fd1d85553c6c34c82178570394d7ed8a3f1652427a2f73c5e7d,0.07178143202327192,0.0015243689995259047,1.6415583521593362,0.0011840867809951305,0.0001064930111169815,1.6443733009509742,Optimal,True,True,-0.8759969364183454,-0.8759969364183425,2.886579864025407e-15,0.0,63094,b40x4-02,b40x4,f00c45ae3d571a1eabe9e66d6034b90683f83626
QP-DIAGONAL,3000,1500,29,13,cuOpt,0bed01a713bc5fd1d85553c6c34c82178570394d7ed8a3f1652427a2f73c5e7d,0.07178143202327192,0.0015531580429524183,1.6668049360159785,0.0012252370361238718,0.00010683783330023289,1.669690168928355,Optimal,True,True,-0.8757213664022576,-0.8757213664022545,3.1086244689504383e-15,0.0,63094,b40x4-02,b40x4,f00c45ae3d571a1eabe9e66d6034b90683f83626
QP-DIAGONAL,3000,1500,29,14,cuOpt,0bed01a713bc5fd1d85553c6c34c82178570394d7ed8a3f1652427a2f73c5e7d,0.07178143202327192,0.00150953303091228,1.668313923990354,0.0011938440147787333,0.00011683302000164986,1.6711341340560466,Optimal,True,True,-0.8756219381655004,-0.8756219381654967,3.6637359812630166e-15,0.0,63094,b40x4-02,b40x4,f00c45ae3d571a1eabe9e66d6034b90683f83626
QP-DIAGONAL,3000,1500,29,15,cuOpt,0bed01a713bc5fd1d85553c6c34c82178570394d7ed8a3f1652427a2f73c5e7d,0.07178143202327192,0.0015578560996800661,1.6650455398485065,0.001214300049468875,0.00015597091987729073,1.6679736669175327,Optimal,True,True,-0.8760052765361988,-0.8760052765362001,1.3322676295501878e-15,0.0,63094,b40x4-02,b40x4,f00c45ae3d571a1eabe9e66d6034b90683f83626
QP-DIAGONAL,3000,1500,29,16,cuOpt,0bed01a713bc5fd1d85553c6c34c82178570394d7ed8a3f1652427a2f73c5e7d,0.07178143202327192,0.0016396839637309313,1.6048008049838245,0.0012745799031108618,0.00011002598330378532,1.60782509483397,Optimal,True,True,-0.8758911907175736,-0.8758911907175723,1.3322676295501878e-15,0.0,63094,b40x4-02,b40x4,f00c45ae3d571a1eabe9e66d6034b90683f83626
QP-DIAGONAL,3000,1500,29,17,cuOpt,0bed01a713bc5fd1d85553c6c34c82178570394d7ed8a3f1652427a2f73c5e7d,0.07178143202327192,0.0015624898951500654,1.6581494300626218,0.0012434010859578848,0.00012464704923331738,1.661079968092963,Optimal,True,True,-0.8759893697311858,-0.8759893697311886,2.7755575615628914e-15,0.0,63094,b40x4-02,b40x4,f00c45ae3d571a1eabe9e66d6034b90683f83626
QP-DIAGONAL,3000,1500,29,18,cuOpt,0bed01a713bc5fd1d85553c6c34c82178570394d7ed8a3f1652427a2f73c5e7d,0.07178143202327192,0.0015786890871822834,1.66857506101951,0.0011950167827308178,0.0001446970272809267,1.671493463916704,Optimal,True,True,-0.8767300811016532,-0.8767300811016439,9.325873406851315e-15,0.0,63094,b40x4-02,b40x4,f00c45ae3d571a1eabe9e66d6034b90683f83626
QP-DIAGONAL,3000,1500,29,19,cuOpt,0bed01a713bc5fd1d85553c6c34c82178570394d7ed8a3f1652427a2f73c5e7d,0.07178143202327192,0.0016247059684246778,1.6630038649309427,0.001179034123197198,0.00010422407649457455,1.665911829099059,Optimal,True,True,-0.8758836928707563,-0.875883692870754,2.3314683517128287e-15,0.0,63094,b40x4-02,b40x4,f00c45ae3d571a1eabe9e66d6034b90683f83626
QP-DIAGONAL,3000,1500,47,0,OSQP,160d48f3c7037bdf371120da5839f28ebf77b9ea1b54a13c36c5f04ac397c693,0.1712842488195747,1.3486016541719437e-05,0.021406763000413775,3.254041075706482e-06,0.0001224579755216837,0.021545961033552885,solved,True,True,-0.9059357691354128,-0.9059357691354163,3.4416913763379853e-15,0.0,63094,b40x4-02,b40x4,f00c45ae3d571a1eabe9e66d6034b90683f83626
QP-DIAGONAL,3000,1500,47,1,OSQP,160d48f3c7037bdf371120da5839f28ebf77b9ea1b54a13c36c5f04ac397c693,0.1712842488195747,8.99098813533783e-06,0.021211891202256083,1.86101533472538e-06,0.00010149902664124966,0.021324242232367396,solved,True,True,-0.905599919848416,-0.9055999198484165,4.440892098500626e-16,0.0,63094,b40x4-02,b40x4,f00c45ae3d571a1eabe9e66d6034b90683f83626
QP-DIAGONAL,3000,1500,47,2,OSQP,160d48f3c7037bdf371120da5839f28ebf77b9ea1b54a13c36c5f04ac397c693,0.1712842488195747,8.259201422333717e-06,0.021142521873116493,1.4549586921930313e-06,8.911988697946072e-05,0.02124135592021048,solved,True,True,-0.9052632810675364,-0.9052632810675355,8.881784197001252e-16,0.0,63094,b40x4-02,b40x4,f00c45ae3d571a1eabe9e66d6034b90683f83626
QP-DIAGONAL,3000,1500,47,3,OSQP,160d48f3c7037bdf371120da5839f28ebf77b9ea1b54a13c36c5f04ac397c693,0.1712842488195747,8.047092705965042e-06,0.021164688980206847,1.3890676200389862e-06,8.551683276891708e-05,0.02125964197330177,solved,True,True,-0.9063066487587641,-0.9063066487587657,1.5543122344752192e-15,0.0,63094,b40x4-02,b40x4,f00c45ae3d571a1eabe9e66d6034b90683f83626
QP-DIAGONAL,3000,1500,47,4,OSQP,160d48f3c7037bdf371120da5839f28ebf77b9ea1b54a13c36c5f04ac397c693,0.1712842488195747,6.995862349867821e-06,0.02116269408725202,1.3809185475111008e-06,8.489890024065971e-05,0.02125596976839006,solved,True,True,-0.906292952683674,-0.906292952683671,2.9976021664879227e-15,0.0,63094,b40x4-02,b40x4,f00c45ae3d571a1eabe9e66d6034b90683f83626
QP-DIAGONAL,3000,1500,47,5,OSQP,160d48f3c7037bdf371120da5839f28ebf77b9ea1b54a13c36c5f04ac397c693,0.1712842488195747,7.398892194032669e-06,0.02114481688477099,1.3280659914016724e-06,9.134295396506786e-05,0.02124488679692149,solved,True,True,-0.9052905717799292,-0.9052905717799279,1.3322676295501878e-15,0.0,63094,b40x4-02,b40x4,f00c45ae3d571a1eabe9e66d6034b90683f83626
QP-DIAGONAL,3000,1500,47,6,OSQP,160d48f3c7037bdf371120da5839f28ebf77b9ea1b54a13c36c5f04ac397c693,0.1712842488195747,6.933929398655891e-06,0.021186501951888204,1.3229437172412872e-06,8.473801426589489e-05,0.021279496839269996,solved,True,True,-0.9054933696549561,-0.9054933696549597,3.6637359812630166e-15,0.0,63094,b40x4-02,b40x4,f00c45ae3d571a1eabe9e66d6034b90683f83626
QP-DIAGONAL,3000,1500,47,7,OSQP,160d48f3c7037bdf371120da5839f28ebf77b9ea1b54a13c36c5f04ac397c693,0.1712842488195747,6.465008482336998e-06,0.021377889905124903,1.3259705156087875e-06,8.570193313062191e-05,0.02147138281725347,solved,True,True,-0.9055881606934855,-0.9055881606934891,3.6637359812630166e-15,0.0,63094,b40x4-02,b40x4,f00c45ae3d571a1eabe9e66d6034b90683f83626
QP-DIAGONAL,3000,1500,47,8,OSQP,160d48f3c7037bdf371120da5839f28ebf77b9ea1b54a13c36c5f04ac397c693,0.1712842488195747,6.488058716058731e-06,0.021123490063473582,1.1690426617860794e-06,8.614105172455311e-05,0.02121728821657598,solved,True,True,-0.9058787009091468,-0.9058787009091459,8.881784197001252e-16,0.0,63094,b40x4-02,b40x4,f00c45ae3d571a1eabe9e66d6034b90683f83626
QP-DIAGONAL,3000,1500,47,9,OSQP,160d48f3c7037bdf371120da5839f28ebf77b9ea1b54a13c36c5f04ac397c693,0.1712842488195747,7.570954039692879e-06,0.021181195974349976,1.0579824447631836e-06,8.481182157993317e-05,0.021274636732414365,solved,True,True,-0.9054259831294786,-0.9054259831294833,4.6629367034256575e-15,0.0,63094,b40x4-02,b40x4,f00c45ae3d571a1eabe9e66d6034b90683f83626
QP-DIAGONAL,3000,1500,47,10,OSQP,160d48f3c7037bdf371120da5839f28ebf77b9ea1b54a13c36c5f04ac397c693,0.1712842488195747,6.915070116519928e-06,0.02117609092965722,1.1331867426633835e-06,8.449889719486237e-05,0.021268638083711267,solved,True,True,-0.904866768213495,-0.9048667682134968,1.7763568394002505e-15,0.0,63094,b40x4-02,b40x4,f00c45ae3d571a1eabe9e66d6034b90683f83626
QP-DIAGONAL,3000,1500,47,11,OSQP,160d48f3c7037bdf371120da5839f28ebf77b9ea1b54a13c36c5f04ac397c693,0.1712842488195747,6.788177415728569e-06,0.02117362106218934,1.2901145964860916e-06,8.258991874754429e-05,0.0212642892729491,solved,True,True,-0.9053142261376073,-0.9053142261376073,0.0,0.0,63094,b40x4-02,b40x4,f00c45ae3d571a1eabe9e66d6034b90683f83626
QP-DIAGONAL,3000,1500,47,12,OSQP,160d48f3c7037bdf371120da5839f28ebf77b9ea1b54a13c36c5f04ac397c693,0.1712842488195747,6.475020200014114e-06,0.02116058999672532,1.1648517102003098e-06,8.486490696668625e-05,0.02125309477560222,solved,True,True,-0.9056218660884665,-0.9056218660884673,7.771561172376096e-16,0.0,63094,b40x4-02,b40x4,f00c45ae3d571a1eabe9e66d6034b90683f83626
QP-DIAGONAL,3000,1500,47,13,OSQP,160d48f3c7037bdf371120da5839f28ebf77b9ea1b54a13c36c5f04ac397c693,0.1712842488195747,6.934860721230507e-06,0.021106684114784002,1.4458782970905304e-06,8.318503387272358e-05,0.021198249887675047,solved,True,True,-0.9063955133304148,-0.9063955133304118,2.9976021664879227e-15,0.0,63094,b40x4-02,b40x4,f00c45ae3d571a1eabe9e66d6034b90683f83626
QP-DIAGONAL,3000,1500,47,14,OSQP,160d48f3c7037bdf371120da5839f28ebf77b9ea1b54a13c36c5f04ac397c693,0.1712842488195747,7.0410314947366714e-06,0.021120483055710793,1.5150289982557297e-06,8.362205699086189e-05,0.021212661173194647,solved,True,True,-0.9056098796662913,-0.9056098796662861,5.10702591327572e-15,0.0,63094,b40x4-02,b40x4,f00c45ae3d571a1eabe9e66d6034b90683f83626
QP-DIAGONAL,3000,1500,47,15,OSQP,160d48f3c7037bdf371120da5839f28ebf77b9ea1b54a13c36c5f04ac397c693,0.1712842488195747,6.757210940122604e-06,0.021092029055580497,1.4540273696184158e-06,8.81832093000412e-05,0.02118842350319028,solved,True,True,-0.9054529625516095,-0.905452962551614,4.551914400963142e-15,0.0,63094,b40x4-02,b40x4,f00c45ae3d571a1eabe9e66d6034b90683f83626
QP-DIAGONAL,3000,1500,47,16,OSQP,160d48f3c7037bdf371120da5839f28ebf77b9ea1b54a13c36c5f04ac397c693,0.1712842488195747,6.566988304257393e-06,0.021160636097192764,1.3581011444330215e-06,8.119107224047184e-05,0.021249752258881927,solved,True,True,-0.9052859692256703,-0.9052859692256725,2.220446049250313e-15,0.0,63094,b40x4-02,b40x4,f00c45ae3d571a1eabe9e66d6034b90683f83626
QP-DIAGONAL,3000,1500,47,17,OSQP,160d48f3c7037bdf371120da5839f28ebf77b9ea1b54a13c36c5f04ac397c693,0.1712842488195747,6.661051884293556e-06,0.021144862985238433,1.8379651010036469e-06,8.647306822240353e-05,0.021239835070446134,solved,True,True,-0.9061296495173511,-0.9061296495173526,1.5543122344752192e-15,0.0,63094,b40x4-02,b40x4,f00c45ae3d571a1eabe9e66d6034b90683f83626
QP-DIAGONAL,3000,1500,47,18,OSQP,160d48f3c7037bdf371120da5839f28ebf77b9ea1b54a13c36c5f04ac397c693,0.1712842488195747,6.600981578230858e-06,0.02115302812308073,1.4121178537607193e-06,8.303206413984299e-05,0.021244073286652565,solved,True,True,-0.9055753706910692,-0.9055753706910716,2.4424906541753444e-15,0.0,63094,b40x4-02,b40x4,f00c45ae3d571a1eabe9e66d6034b90683f83626
QP-DIAGONAL,3000,1500,47,19,OSQP,160d48f3c7037bdf371120da5839f28ebf77b9ea1b54a13c36c5f04ac397c693,0.1712842488195747,6.609130650758743e-06,0.0211590938270092,1.5159603208303452e-06,8.073798380792141e-05,0.02124795690178871,solved,True,True,-0.9054108419340622,-0.9054108419340691,6.8833827526759706e-15,0.0,63094,b40x4-02,b40x4,f00c45ae3d571a1eabe9e66d6034b90683f83626
QP-DIAGONAL,3000,1500,47,0,cuOpt,160d48f3c7037bdf371120da5839f28ebf77b9ea1b54a13c36c5f04ac397c693,0.0676945571321994,0.0022329590283334255,1.4444653380196542,0.0012523550540208817,0.0001676720567047596,1.4481183241587132,Optimal,True,True,-0.9059357691353745,-0.9059357691353778,3.219646771412954e-15,0.0,63094,b40x4-02,b40x4,f00c45ae3d571a1eabe9e66d6034b90683f83626
QP-DIAGONAL,3000,1500,47,1,cuOpt,160d48f3c7037bdf371120da5839f28ebf77b9ea1b54a13c36c5f04ac397c693,0.0676945571321994,0.0016219411045312881,1.4653301578946412,0.001181422034278512,0.0001081652007997036,1.4682416862342507,Optimal,True,True,-0.9055999198483776,-0.9055999198483796,1.9984014443252818e-15,0.0,63094,b40x4-02,b40x4,f00c45ae3d571a1eabe9e66d6034b90683f83626
QP-DIAGONAL,3000,1500,47,2,cuOpt,160d48f3c7037bdf371120da5839f28ebf77b9ea1b54a13c36c5f04ac397c693,0.0676945571321994,0.0015214120503515005,1.4552291030995548,0.0011626631021499634,9.943288750946522e-05,1.4580126111395657,Optimal,True,True,-0.9052632810674976,-0.9052632810675013,3.6637359812630166e-15,0.0,63094,b40x4-02,b40x4,f00c45ae3d571a1eabe9e66d6034b90683f83626
QP-DIAGONAL,3000,1500,47,3,cuOpt,160d48f3c7037bdf371120da5839f28ebf77b9ea1b54a13c36c5f04ac397c693,0.0676945571321994,0.0015176590532064438,1.437040647957474,0.0011667879298329353,0.0001052438747137785,1.4398303388152272,Optimal,True,True,-0.9063066487587261,-0.9063066487587299,3.774758283725532e-15,0.0,63094,b40x4-02,b40x4,f00c45ae3d571a1eabe9e66d6034b90683f83626
QP-DIAGONAL,3000,1500,47,4,cuOpt,160d48f3c7037bdf371120da5839f28ebf77b9ea1b54a13c36c5f04ac397c693,0.0676945571321994,0.0015518050640821457,1.4824922371190041,0.0014179169666022062,0.00019981595687568188,1.4856617751065642,Optimal,True,True,-0.9062929526836356,-0.9062929526836361,4.440892098500626e-16,0.0,63094,b40x4-02,b40x4,f00c45ae3d571a1eabe9e66d6034b90683f83626
QP-DIAGONAL,3000,1500,47,5,cuOpt,160d48f3c7037bdf371120da5839f28ebf77b9ea1b54a13c36c5f04ac397c693,0.0676945571321994,0.0017517299856990576,1.5011362198274583,0.001165327848866582,0.00010126596316695213,1.5041545436251909,Optimal,True,True,-0.9052905717798914,-0.9052905717798896,1.7763568394002505e-15,0.0,63094,b40x4-02,b40x4,f00c45ae3d571a1eabe9e66d6034b90683f83626
QP-DIAGONAL,3000,1500,47,6,cuOpt,160d48f3c7037bdf371120da5839f28ebf77b9ea1b54a13c36c5f04ac397c693,0.0676945571321994,0.0015007718466222286,1.4991852140519768,0.0011730289552360773,0.0001075968611985445,1.5019666117150337,Optimal,True,True,-0.9054933696549173,-0.9054933696549158,1.5543122344752192e-15,0.0,63094,b40x4-02,b40x4,f00c45ae3d571a1eabe9e66d6034b90683f83626
QP-DIAGONAL,3000,1500,47,7,cuOpt,160d48f3c7037bdf371120da5839f28ebf77b9ea1b54a13c36c5f04ac397c693,0.0676945571321994,0.001539992867037654,1.4572786700446159,0.0013738011475652456,0.0001802619080990553,1.4603727259673178,Optimal,True,True,-0.9055881606934477,-0.90558816069345,2.3314683517128287e-15,0.0,63094,b40x4-02,b40x4,f00c45ae3d571a1eabe9e66d6034b90683f83626
QP-DIAGONAL,3000,1500,47,8,cuOpt,160d48f3c7037bdf371120da5839f28ebf77b9ea1b54a13c36c5f04ac397c693,0.0676945571321994,0.0016581050585955381,1.4753885332029313,0.0011700489558279514,0.00010343408212065697,1.4783201212994754,Optimal,True,True,-0.9058787009091079,-0.9058787009091108,2.886579864025407e-15,0.0,63094,b40x4-02,b40x4,f00c45ae3d571a1eabe9e66d6034b90683f83626
QP-DIAGONAL,3000,1500,47,9,cuOpt,160d48f3c7037bdf371120da5839f28ebf77b9ea1b54a13c36c5f04ac397c693,0.0676945571321994,0.00157653889618814,1.4399126039352268,0.0012207988183945417,0.0001202861312776804,1.4428302277810872,Optimal,True,True,-0.9054259831294402,-0.9054259831294387,1.5543122344752192e-15,0.0,63094,b40x4-02,b40x4,f00c45ae3d571a1eabe9e66d6034b90683f83626
QP-DIAGONAL,3000,1500,47,10,cuOpt,160d48f3c7037bdf371120da5839f28ebf77b9ea1b54a13c36c5f04ac397c693,0.0676945571321994,0.0015402559656649828,1.4986274489201605,0.0011804851237684488,0.00011009885929524899,1.5014582888688892,Optimal,True,True,-0.904866768213457,-0.9048667682134517,5.329070518200751e-15,0.0,63094,b40x4-02,b40x4,f00c45ae3d571a1eabe9e66d6034b90683f83626
QP-DIAGONAL,3000,1500,47,11,cuOpt,160d48f3c7037bdf371120da5839f28ebf77b9ea1b54a13c36c5f04ac397c693,0.0676945571321994,0.001611547078937292,1.489772583823651,0.0013570960145443678,0.00016559893265366554,1.4929068258497864,Optimal,True,True,-0.9053142261375682,-0.9053142261375695,1.3322676295501878e-15,0.0,63094,b40x4-02,b40x4,f00c45ae3d571a1eabe9e66d6034b90683f83626
QP-DIAGONAL,3000,1500,47,12,cuOpt,160d48f3c7037bdf371120da5839f28ebf77b9ea1b54a13c36c5f04ac397c693,0.0676945571321994,0.001652410952374339,1.5097947439644486,0.0011823500972241163,0.0001275909598916769,1.5127570959739387,Optimal,True,True,-0.9056218660884284,-0.9056218660884252,3.219646771412954e-15,0.0,63094,b40x4-02,b40x4,f00c45ae3d571a1eabe9e66d6034b90683f83626
QP-DIAGONAL,3000,1500,47,13,cuOpt,160d48f3c7037bdf371120da5839f28ebf77b9ea1b54a13c36c5f04ac397c693,0.0676945571321994,0.0016910179983824492,1.4730397020466626,0.0012055709958076477,0.00012486102059483528,1.4760611520614475,Optimal,True,True,-0.9063955133303764,-0.9063955133303757,6.661338147750939e-16,0.0,63094,b40x4-02,b40x4,f00c45ae3d571a1eabe9e66d6034b90683f83626
QP-DIAGONAL,3000,1500,47,14,cuOpt,160d48f3c7037bdf371120da5839f28ebf77b9ea1b54a13c36c5f04ac397c693,0.0676945571321994,0.0016404420603066683,1.5036779730580747,0.0013992071617394686,0.00018191803246736526,1.5068995403125882,Optimal,True,True,-0.9056098796662522,-0.9056098796662517,4.440892098500626e-16,0.0,63094,b40x4-02,b40x4,f00c45ae3d571a1eabe9e66d6034b90683f83626
QP-DIAGONAL,3000,1500,47,15,cuOpt,160d48f3c7037bdf371120da5839f28ebf77b9ea1b54a13c36c5f04ac397c693,0.0676945571321994,0.0016430509276688099,1.4709394029341638,0.0012229220010340214,0.00014991313219070435,1.4739552889950573,Optimal,True,True,-0.9054529625515705,-0.9054529625515737,3.219646771412954e-15,0.0,63094,b40x4-02,b40x4,f00c45ae3d571a1eabe9e66d6034b90683f83626
QP-DIAGONAL,3000,1500,47,16,cuOpt,160d48f3c7037bdf371120da5839f28ebf77b9ea1b54a13c36c5f04ac397c693,0.0676945571321994,0.0017148370388895273,1.4980613100342453,0.0011702601332217455,0.0001249820925295353,1.501071389298886,Optimal,True,True,-0.905285969225632,-0.9052859692256341,2.1094237467877974e-15,0.0,63094,b40x4-02,b40x4,f00c45ae3d571a1eabe9e66d6034b90683f83626
QP-DIAGONAL,3000,1500,47,17,cuOpt,160d48f3c7037bdf371120da5839f28ebf77b9ea1b54a13c36c5f04ac397c693,0.0676945571321994,0.0015517740976065397,1.4625391450244933,0.0013576420024037361,0.00019665807485580444,1.4656452191993594,Optimal,True,True,-0.9061296495173127,-0.9061296495173135,7.771561172376096e-16,0.0,63094,b40x4-02,b40x4,f00c45ae3d571a1eabe9e66d6034b90683f83626
QP-DIAGONAL,3000,1500,47,18,cuOpt,160d48f3c7037bdf371120da5839f28ebf77b9ea1b54a13c36c5f04ac397c693,0.0676945571321994,0.0016444548964500427,1.5016956811305135,0.00116855395026505,0.00013824505731463432,1.5046469350345433,Optimal,True,True,-0.9055753706910303,-0.9055753706910362,5.88418203051333e-15,0.0,63094,b40x4-02,b40x4,f00c45ae3d571a1eabe9e66d6034b90683f83626
QP-DIAGONAL,3000,1500,47,19,cuOpt,160d48f3c7037bdf371120da5839f28ebf77b9ea1b54a13c36c5f04ac397c693,0.0676945571321994,0.0016907670069485903,1.491886192932725,0.001160814194008708,0.000125030055642128,1.4948628041893244,Optimal,True,True,-0.9054108419340233,-0.9054108419340225,7.771561172376096e-16,0.0,63094,b40x4-02,b40x4,f00c45ae3d571a1eabe9e66d6034b90683f83626
